S.No.,Species,Locale,MaleMatingSuccess,Is,Year,n
1,Enallagma_cyathigerum,Borgeby,0,0,2018,10
2,Enallagma_cyathigerum,Bunkeflostrand,0,0,2018,1
3,Enallagma_cyathigerum,Flackarp,0,0,2018,5
4,Enallagma_cyathigerum,Flyinge_30_A3,0,0,2018,12
5,Enallagma_cyathigerum,Genarp,0,0,2018,1
6,Enallagma_cyathigerum,Gunnesbo,0.038461538,0.036982249,2018,26
7,Enallagma_cyathigerum,Hoje_A_14,0.041666667,0.039930556,2018,48
8,Enallagma_cyathigerum,Hoje_A_6,0.05511811,0.052080104,2018,127
9,Enallagma_cyathigerum,Hoje_A_7,0,0,2018,7
10,Enallagma_cyathigerum,Ilstorp,0.070175439,0.065250846,2018,57
11,Enallagma_cyathigerum,Lomma_Kyrkdamm,0.061538462,0.057751479,2018,65
12,Enallagma_cyathigerum,Lunnarp,0.0625,0.05859375,2018,96
13,Enallagma_cyathigerum,Rabydammen,0.260869565,0.192816635,2018,23
14,Enallagma_cyathigerum,Sovdemolla,0.166666667,0.138888889,2018,6
15,Enallagma_cyathigerum,Vombs_Bruksgard,0.142857143,0.12244898,2018,21
16,Enallagma_cyathigerum,Vombs_Vattenverk,0.032786885,0.031711905,2018,61
17,Ischnura_elegans,Borgeby,0.071428571,0.066326531,2018,42
18,Ischnura_elegans,Bunkeflostrand,0.252525253,0.188756249,2018,99
19,Ischnura_elegans,Flackarp,0.081632653,0.074968763,2018,49
20,Ischnura_elegans,Flyinge_30_A1,0.090909091,0.082644628,2018,22
21,Ischnura_elegans,Flyinge_30_A3,0.069767442,0.064899946,2018,43
22,Ischnura_elegans,Genarp,0.183673469,0.149937526,2018,49
23,Ischnura_elegans,Gunnesbo,0.08,0.0736,2018,75
24,Ischnura_elegans,Habo_Gard,0,0,2018,20
25,Ischnura_elegans,Hoje_A_14,0.151515152,0.12855831,2018,33
26,Ischnura_elegans,Hoje_A_6,0,0,2018,20
27,Ischnura_elegans,Hoje_A_7,0.054545455,0.051570248,2018,55
28,Ischnura_elegans,IKEA,0.095238095,0.0861678,2018,21
29,Ischnura_elegans,Ilstorp,0.205128205,0.163050625,2018,78
30,Ischnura_elegans,Lomma_Kyrkdamm,0.12,0.1056,2018,50
31,Ischnura_elegans,Lunnarp,0.064516129,0.060353798,2018,31
32,Ischnura_elegans,Rabydammen,0,0,2018,2
33,Ischnura_elegans,Sovdemolla,0.666666667,0.222222222,2018,3
34,Ischnura_elegans,Vombs_Bruksgard,0,0,2018,5
35,Ischnura_elegans,Vombs_Vattenverk,0.44,0.2464,2018,100
36,Enallagma_cyathigerum,Borgeby,0.111111111,0.098765432,2019,9
37,Enallagma_cyathigerum,Bunkeflostrand,0,0,2019,5
38,Enallagma_cyathigerum,Flackarp,0,0,2019,1
39,Enallagma_cyathigerum,Genarp,0,0,2019,20
40,Enallagma_cyathigerum,Gunnesbo,0,0,2019,12
41,Enallagma_cyathigerum,Hoje_A_14,0.142857143,0.12244898,2019,28
42,Enallagma_cyathigerum,Hoje_A_6,0.032258065,0.031217482,2019,124
43,Enallagma_cyathigerum,Hoje_A_7,0,0,2019,11
44,Enallagma_cyathigerum,IKEA,0,0,2019,1
45,Enallagma_cyathigerum,Ilstorp,0,0,2019,22
46,Enallagma_cyathigerum,Lomma_Kyrkdamm,0,0,2019,43
47,Enallagma_cyathigerum,Lunnarp,0.222222222,0.172839506,2019,27
48,Enallagma_cyathigerum,Rabydammen,0.08,0.0736,2019,25
49,Enallagma_cyathigerum,Sovdemolla,0,0,2019,2
50,Enallagma_cyathigerum,Vombs_Bruksgard,0.047619048,0.045351474,2019,42
51,Enallagma_cyathigerum,Vombs_Vattenverk,0.076923077,0.071005917,2019,26
52,Ischnura_elegans,Borgeby,0.130434783,0.11342155,2019,23
53,Ischnura_elegans,Bunkeflostrand,0.070175439,0.065250846,2019,114
54,Ischnura_elegans,Flackarp,0,0,2019,41
55,Ischnura_elegans,Flyinge_30_A1,0.076923077,0.071005917,2019,13
56,Ischnura_elegans,Flyinge_30_A3,0.117647059,0.103806228,2019,34
57,Ischnura_elegans,Genarp,0.09375,0.084960938,2019,64
58,Ischnura_elegans,Gunnesbo,0.128205128,0.111768573,2019,39
59,Ischnura_elegans,Habo_Gard,0.075,0.069375,2019,40
60,Ischnura_elegans,Hoje_A_14,0.282051282,0.202498356,2019,39
61,Ischnura_elegans,Hoje_A_6,0.117647059,0.103806228,2019,17
62,Ischnura_elegans,Hoje_A_7,0.185714286,0.15122449,2019,70
63,Ischnura_elegans,IKEA,0,0,2019,3
64,Ischnura_elegans,Ilstorp,0.145833333,0.124565972,2019,48
65,Ischnura_elegans,Lomma_Kyrkdamm,0.011363636,0.011234504,2019,88
66,Ischnura_elegans,Lunnarp,0.063829787,0.059755545,2019,47
67,Ischnura_elegans,Rabydammen,0,0,2019,10
68,Ischnura_elegans,Sovdemolla,0,0,2019,4
69,Ischnura_elegans,Vombs_Bruksgard,0,0,2019,2
70,Ischnura_elegans,Vombs_Vattenverk,0.175438596,0.144659895,2019,57
71,Enallagma_cyathigerum,Borgeby,0.125,0.109375,2020,16
72,Enallagma_cyathigerum,Flyinge_30_A1,0,0,2020,3
73,Enallagma_cyathigerum,Flyinge_30_A3,0,0,2020,4
74,Enallagma_cyathigerum,Genarp,0,0,2020,17
75,Enallagma_cyathigerum,Gunnesbo,0.242424242,0.183654729,2020,33
76,Enallagma_cyathigerum,Hoje_A_14,0.125,0.109375,2020,40
77,Enallagma_cyathigerum,Hoje_A_6,0.130952381,0.113803855,2020,84
78,Enallagma_cyathigerum,Hoje_A_7,0,0,2020,12
79,Enallagma_cyathigerum,Ilstorp,0.03030303,0.029384757,2020,66
80,Enallagma_cyathigerum,Lomma_Kyrkdamm,0,0,2020,53
81,Enallagma_cyathigerum,Lunnarp,0.097087379,0.08766142,2020,103
82,Enallagma_cyathigerum,Rabydammen,0.136363636,0.117768595,2020,22
83,Enallagma_cyathigerum,Vombs_Bruksgard,0.058139535,0.054759329,2020,86
84,Enallagma_cyathigerum,Vombs_Vattenverk,0.06122449,0.057476052,2020,98
85,Ischnura_elegans,Borgeby,0.062992126,0.059024118,2020,127
86,Ischnura_elegans,Bunkeflostrand,0.098591549,0.088871256,2020,71
87,Ischnura_elegans,Flackarp,0.222222222,0.172839506,2020,54
88,Ischnura_elegans,Flyinge_30_A1,0.081081081,0.074506939,2020,37
89,Ischnura_elegans,Flyinge_30_A3,0.06779661,0.06320023,2020,59
90,Ischnura_elegans,Genarp,0.144,0.123264,2020,125
91,Ischnura_elegans,Gunnesbo,0.044776119,0.042771219,2020,67
92,Ischnura_elegans,Habo_Gard,0,0,2020,19
93,Ischnura_elegans,Hoje_A_14,0.327272727,0.220165289,2020,55
94,Ischnura_elegans,Hoje_A_6,0.1,0.09,2020,20
95,Ischnura_elegans,Hoje_A_7,0.1,0.09,2020,100
96,Ischnura_elegans,IKEA,0,0,2020,11
97,Ischnura_elegans,Ilstorp,0.136986301,0.118221055,2020,73
98,Ischnura_elegans,Lomma_Kyrkdamm,0.049180328,0.046761623,2020,61
99,Ischnura_elegans,Lunnarp,0.120689655,0.106123662,2020,58
100,Ischnura_elegans,Rabydammen,0,0,2020,20
101,Ischnura_elegans,Sovdemolla,0,0,2020,6
102,Ischnura_elegans,Vombs_Bruksgard,0.5,0.25,2020,2
103,Ischnura_elegans,Vombs_Vattenverk,0.370967742,0.233350676,2020,124
104,Enallagma_cyathigerum,Borgeby,0.047619048,0.045351474,2021,42
105,Enallagma_cyathigerum,Bunkeflostrand,0.25,0.1875,2021,8
106,Enallagma_cyathigerum,Flackarp,0,0,2021,1
107,Enallagma_cyathigerum,Flyinge_30_A1,0.142857143,0.12244898,2021,7
108,Enallagma_cyathigerum,Flyinge_30_A3,0,0,2021,5
109,Enallagma_cyathigerum,Genarp,0,0,2021,6
110,Enallagma_cyathigerum,Gunnesbo,0.238095238,0.181405896,2021,84
111,Enallagma_cyathigerum,Habo_Gard,0,0,2021,1
112,Enallagma_cyathigerum,Hoje_A_14,0.056338028,0.053164055,2021,71
113,Enallagma_cyathigerum,Hoje_A_6,0.053333333,0.050488889,2021,150
114,Enallagma_cyathigerum,Hoje_A_7,0,0,2021,12
115,Enallagma_cyathigerum,Holmeja,0,0,2021,1
116,Enallagma_cyathigerum,Ilstorp,0.03125,0.030273438,2021,192
117,Enallagma_cyathigerum,Krutladan,0.124430956,0.108947893,2021,659
118,Enallagma_cyathigerum,Lomma_Kyrkdamm,0.015151515,0.014921947,2021,66
119,Enallagma_cyathigerum,Lunnarp,0.117021277,0.103327297,2021,94
120,Enallagma_cyathigerum,Rabydammen,0.132075472,0.114631541,2021,53
121,Enallagma_cyathigerum,Vombs_Bruksgard,0.1,0.09,2021,80
122,Enallagma_cyathigerum,Vombs_Vattenverk,0.101694915,0.091353059,2021,177
123,Ischnura_elegans,Borgeby,0.060344828,0.056703329,2021,116
124,Ischnura_elegans,Bunkeflostrand,0.147058824,0.125432526,2021,68
125,Ischnura_elegans,Flackarp,0.074074074,0.068587106,2021,54
126,Ischnura_elegans,Flyinge_30_A1,0.12,0.1056,2021,50
127,Ischnura_elegans,Flyinge_30_A3,0.0625,0.05859375,2021,112
128,Ischnura_elegans,Genarp,0.328571429,0.220612245,2021,70
129,Ischnura_elegans,Gunnesbo,0.170454545,0.141399793,2021,88
130,Ischnura_elegans,Habo_Gard,0.04,0.0384,2021,50
131,Ischnura_elegans,Hoje_A_14,0.453781513,0.247863851,2021,119
132,Ischnura_elegans,Hoje_A_6,0.254901961,0.189926951,2021,51
133,Ischnura_elegans,Hoje_A_7,0.102564103,0.092044707,2021,117
134,Ischnura_elegans,IKEA,0,0,2021,28
135,Ischnura_elegans,Ilstorp,0.314285714,0.215510204,2021,35
136,Ischnura_elegans,Krutladan,0.044117647,0.04217128,2021,68
137,Ischnura_elegans,Lomma_Kyrkdamm,0.091549296,0.083168022,2021,142
138,Ischnura_elegans,Lunnarp,0.071428571,0.066326531,2021,98
139,Ischnura_elegans,Rabydammen,0.131868132,0.114478928,2021,91
140,Ischnura_elegans,Sovdemolla,0,0,2021,6
141,Ischnura_elegans,Vombs_Bruksgard,0,0,2021,2
142,Ischnura_elegans,Vombs_Vattenverk,0.45751634,0.248195139,2021,153